WF_LEVEL	WF RATE
0	0.279090113735783
1	0.25196850393700787
2	0.4689413823272091
