WF_LEVEL	WF RATE
0	0.3417640807651435
1	0.3995749202975558
2	0.25866099893730077
