WF_LEVEL	WF RATE
0	0.40324892498805549
1	0.31390348781653127
2	0.2828475871954133
