WF_LEVEL	WF RATE
0	0.3093875214653692
1	0.3259874069834001
2	0.3646250715512307
