WF_LEVEL	WF RATE
0	0.21663920922570015
1	0.200164744645799
2	0.5831960461285008
