WF_LEVEL	WF RATE
0	0.3741619858670049
1	0.3658271425982968
2	0.2600108715346983
