WF_LEVEL	WF RATE
0	0.4032489249880554
1	0.31390348781653127
2	0.2828475871954133
